Delhi,26495000,India,http://www.wikidata.org/entity/Q48
Shanghai,23390000,People's Republic of China,http://www.wikidata.org/entity/Q48
Beijing,21710000,People's Republic of China,http://www.wikidata.org/entity/Q48
Lagos,21324000,Nigeria,http://www.wikidata.org/entity/Q15
Karachi,14910352,Pakistan,http://www.wikidata.org/entity/Q48
Istanbul,14657434,Turkey,http://www.wikidata.org/entity/Q46
Istanbul,14657434,Turkey,http://www.wikidata.org/entity/Q48
Tokyo,13942856,Japan,http://www.wikidata.org/entity/Q48
Greater Tehran,13805000,Iran,http://www.wikidata.org/entity/Q48
Tianjin,13245000,People's Republic of China,http://www.wikidata.org/entity/Q48
Guangzhou,13080500,People's Republic of China,http://www.wikidata.org/entity/Q48
Moscow,12500123,Russia,http://www.wikidata.org/entity/Q46
Moscow,12500123,Russia,http://www.wikidata.org/entity/Q48
Mumbai,12442373,India,http://www.wikidata.org/entity/Q48
São Paulo,12106920,Brazil,http://www.wikidata.org/entity/Q18
Nanyang,12010000,People's Republic of China,http://www.wikidata.org/entity/Q48
Shenzhen,11908400,People's Republic of China,http://www.wikidata.org/entity/Q48
Wuhan,11895000,People's Republic of China,http://www.wikidata.org/entity/Q48
Kinshasa,11855000,Democratic Republic of the Congo,http://www.wikidata.org/entity/Q15
Chengdu,11050000,People's Republic of China,http://www.wikidata.org/entity/Q48
Linyi,10820000,People's Republic of China,http://www.wikidata.org/entity/Q48
Shijiazhuang,10784600,People's Republic of China,http://www.wikidata.org/entity/Q48
Baoding,10700000,People's Republic of China,http://www.wikidata.org/entity/Q48
Lahore,10665000,Pakistan,http://www.wikidata.org/entity/Q48
Bangalore,10535000,India,http://www.wikidata.org/entity/Q48
Suzhou,10465994,People's Republic of China,http://www.wikidata.org/entity/Q48
Jakarta,10348348,Indonesia,http://www.wikidata.org/entity/Q48
Chennai,10265000,India,http://www.wikidata.org/entity/Q48
Zhoukou,9901000,People's Republic of China,http://www.wikidata.org/entity/Q48
Seoul,9806538,South Korea,http://www.wikidata.org/entity/Q48
Hangzhou,9468000,People's Republic of China,http://www.wikidata.org/entity/Q48
Hyderabad,9305000,India,http://www.wikidata.org/entity/Q48
Cairo,9293612,Egypt,http://www.wikidata.org/entity/Q15
Cairo,9293612,Egypt,http://www.wikidata.org/entity/Q48
Tokyo,9272565,Japan,http://www.wikidata.org/entity/Q48
Mexico City,8918653,Mexico,http://www.wikidata.org/entity/Q49
London,8908081,United Kingdom,http://www.wikidata.org/entity/Q46
Dhaka,8906039,Bangladesh,http://www.wikidata.org/entity/Q48
Tehran,8846782,Iran,http://www.wikidata.org/entity/Q48
Heze,8750000,People's Republic of China,http://www.wikidata.org/entity/Q48
Xuzhou,8669000,People's Republic of China,http://www.wikidata.org/entity/Q48
Lima,8574974,Peru,http://www.wikidata.org/entity/Q18
Weifang,8500000,People's Republic of China,http://www.wikidata.org/entity/Q48
Handan,8499000,People's Republic of China,http://www.wikidata.org/entity/Q48
New York City,8398748,United States of America,http://www.wikidata.org/entity/Q49
New York City,8398748,United States of America,http://www.wikidata.org/entity/Q538
Fuyang,8360000,People's Republic of China,http://www.wikidata.org/entity/Q48
Dongguan,8310000,People's Republic of China,http://www.wikidata.org/entity/Q48
Ganzhou,8300000,People's Republic of China,http://www.wikidata.org/entity/Q48
Jining,8023000,People's Republic of China,http://www.wikidata.org/entity/Q48
Riyadh,8002100,Saudi Arabia,http://www.wikidata.org/entity/Q48
Chongqing,7990000,People's Republic of China,http://www.wikidata.org/entity/Q48
Shenyang,7935000,People's Republic of China,http://www.wikidata.org/entity/Q48
Hanoi,7785000,Vietnam,http://www.wikidata.org/entity/Q48
Changchun,7674439,People's Republic of China,http://www.wikidata.org/entity/Q48
Ahmedabad,7645000,India,http://www.wikidata.org/entity/Q48
Zhumadian,7640000,People's Republic of China,http://www.wikidata.org/entity/Q48
Ningbo,7639000,People's Republic of China,http://www.wikidata.org/entity/Q48
Onitsha,7635000,Nigeria,http://www.wikidata.org/entity/Q15
Kuala Lumpur,7590000,Malaysia,http://www.wikidata.org/entity/Q48
Hong Kong,7486400,People's Republic of China,http://www.wikidata.org/entity/Q48
Hefei,7457027,People's Republic of China,http://www.wikidata.org/entity/Q48
Nantong,7282835,People's Republic of China,http://www.wikidata.org/entity/Q48
Hengyang,7265000,People's Republic of China,http://www.wikidata.org/entity/Q48
Hengyang,7265000,Qing dynasty,http://www.wikidata.org/entity/Q48
Yancheng,7260240,People's Republic of China,http://www.wikidata.org/entity/Q48
Foshan,7194311,People's Republic of China,http://www.wikidata.org/entity/Q48
Bogotá,7150000,Colombia,http://www.wikidata.org/entity/Q18
Tangshan,7100000,People's Republic of China,http://www.wikidata.org/entity/Q48
Shaoyang,7071000,People's Republic of China,http://www.wikidata.org/entity/Q48
Changsha,7044118,People's Republic of China,http://www.wikidata.org/entity/Q48
Zhengzhou,7005000,People's Republic of China,http://www.wikidata.org/entity/Q48
Shangqiu,7000000,People's Republic of China,http://www.wikidata.org/entity/Q48
Baghdad,6960000,Iraq,http://www.wikidata.org/entity/Q48
Bijie,6959000,People's Republic of China,http://www.wikidata.org/entity/Q48
Zhanjiang,6900000,People's Republic of China,http://www.wikidata.org/entity/Q48
Nanning,6825000,People's Republic of China,http://www.wikidata.org/entity/Q48
Cangzhou,6800000,People's Republic of China,http://www.wikidata.org/entity/Q48
Maoming,6706000,People's Republic of China,http://www.wikidata.org/entity/Q48
Huanggang,6667000,People's Republic of China,http://www.wikidata.org/entity/Q48
Xinyang,6634000,People's Republic of China,http://www.wikidata.org/entity/Q48
Shangrao,6579714,People's Republic of China,http://www.wikidata.org/entity/Q48
Luoyang,6549941,People's Republic of China,http://www.wikidata.org/entity/Q48
Rio de Janeiro,6520266,Brazil,http://www.wikidata.org/entity/Q18
Yantai,6516900,People's Republic of China,http://www.wikidata.org/entity/Q48
Quanzhou,6480000,People's Republic of China,http://www.wikidata.org/entity/Q48
Nanjing,6320000,People's Republic of China,http://www.wikidata.org/entity/Q48
Santiago,6257516,Chile,http://www.wikidata.org/entity/Q18
Kunming,6250000,People's Republic of China,http://www.wikidata.org/entity/Q48
Nanchong,6183000,People's Republic of China,http://www.wikidata.org/entity/Q48
Zunyi,6127009,People's Republic of China,http://www.wikidata.org/entity/Q48
Lu'an,6090000,People's Republic of China,http://www.wikidata.org/entity/Q48
Liaocheng,5955300,People's Republic of China,http://www.wikidata.org/entity/Q48
Allahabad,5954391,India,http://www.wikidata.org/entity/Q48
Pune,5945000,India,http://www.wikidata.org/entity/Q48
Surat,5935000,India,http://www.wikidata.org/entity/Q48
Singapore,5888926,Singapore,http://www.wikidata.org/entity/Q48
Xiangyang,5844000,People's Republic of China,http://www.wikidata.org/entity/Q48
Qingdao,5775000,People's Republic of China,http://www.wikidata.org/entity/Q48
Xi'an,5740000,People's Republic of China,http://www.wikidata.org/entity/Q48
Taizhou,5740000,People's Republic of China,http://www.wikidata.org/entity/Q48
Qujing,5729000,People's Republic of China,http://www.wikidata.org/entity/Q48
Changde,5717200,People's Republic of China,http://www.wikidata.org/entity/Q48
Jingzhou,5705900,People's Republic of China,http://www.wikidata.org/entity/Q48
Bangkok,5696409,Thailand,http://www.wikidata.org/entity/Q48
Dazhou,5693000,People's Republic of China,http://www.wikidata.org/entity/Q48
Suzhou,5690000,People's Republic of China,http://www.wikidata.org/entity/Q48
Jieyang,5634000,People's Republic of China,http://www.wikidata.org/entity/Q48
Yulin,5598000,People's Republic of China,http://www.wikidata.org/entity/Q48
Anqing,5590000,People's Republic of China,http://www.wikidata.org/entity/Q48
Nairobi,5545000,Kenya,http://www.wikidata.org/entity/Q15
Xinxiang,5516000,People's Republic of China,http://www.wikidata.org/entity/Q48
Ankara,5503985,Turkey,http://www.wikidata.org/entity/Q46
Ankara,5503985,Turkey,http://www.wikidata.org/entity/Q48
Tai'an,5499000,People's Republic of China,http://www.wikidata.org/entity/Q48
Dezhou,5470000,People's Republic of China,http://www.wikidata.org/entity/Q48
Yangon,5430000,Myanmar,http://www.wikidata.org/entity/Q48
Suihua,5420000,People's Republic of China,http://www.wikidata.org/entity/Q48
Yichun,5400000,People's Republic of China,http://www.wikidata.org/entity/Q48
Qiqihar,5367003,People's Republic of China,http://www.wikidata.org/entity/Q48
Saint Petersburg,5351935,Russia,http://www.wikidata.org/entity/Q46
Saint Petersburg,5351935,Russia,http://www.wikidata.org/entity/Q48
Khartoum,5345000,Sudan,http://www.wikidata.org/entity/Q15
Shantou,5319028,People's Republic of China,http://www.wikidata.org/entity/Q48
Weinan,5300000,People's Republic of China,http://www.wikidata.org/entity/Q48
Suqian,5290000,People's Republic of China,http://www.wikidata.org/entity/Q48
Zhaotong,5252000,People's Republic of China,http://www.wikidata.org/entity/Q48
Fuzhou,5245000,People's Republic of China,http://www.wikidata.org/entity/Q48
Pudong,5187200,People's Republic of China,http://www.wikidata.org/entity/Q48
Yueyang,5158000,People's Republic of China,http://www.wikidata.org/entity/Q48
Yongzhou,5128000,People's Republic of China,http://www.wikidata.org/entity/Q48
Bozhou,5100000,People's Republic of China,http://www.wikidata.org/entity/Q48
Guilin,5046000,People's Republic of China,http://www.wikidata.org/entity/Q48
Nanchang,5042565,People's Republic of China,http://www.wikidata.org/entity/Q48
Xianyang,5040000,People's Republic of China,http://www.wikidata.org/entity/Q48
Taizhou,5031000,People's Republic of China,http://www.wikidata.org/entity/Q48
Harbin,5015000,People's Republic of China,http://www.wikidata.org/entity/Q48
Meizhou,5001000,People's Republic of China,http://www.wikidata.org/entity/Q48
Abidjan,4980000,Ivory Coast,http://www.wikidata.org/entity/Q15
Surabaya,4975000,Indonesia,http://www.wikidata.org/entity/Q48
Mianyang,4945000,People's Republic of China,http://www.wikidata.org/entity/Q48
Shaoxing,4912239,People's Republic of China,http://www.wikidata.org/entity/Q48
Alexandria,4870000,Egypt,http://www.wikidata.org/entity/Q15
Alexandria,4870000,Egypt,http://www.wikidata.org/entity/Q48
Yuncheng,4860000,People's Republic of China,http://www.wikidata.org/entity/Q48
Sydney,4840600,Australia,http://www.wikidata.org/entity/Q538
Pingdingshan,4838000,People's Republic of China,http://www.wikidata.org/entity/Q48
Huai'an,4799889,People's Republic of China,http://www.wikidata.org/entity/Q48
Lianyungang,4790000,People's Republic of China,http://www.wikidata.org/entity/Q48
Ji'an,4759000,People's Republic of China,http://www.wikidata.org/entity/Q48
Jiujiang,4728778,People's Republic of China,http://www.wikidata.org/entity/Q48
Dar es Salaam,4715000,Tanzania,http://www.wikidata.org/entity/Q15
Kaifeng,4676159,People's Republic of China,http://www.wikidata.org/entity/Q48
Xiaogan,4665000,People's Republic of China,http://www.wikidata.org/entity/Q48
Jinhua,4610000,People's Republic of China,http://www.wikidata.org/entity/Q48
Wuxi,4580000,People's Republic of China,http://www.wikidata.org/entity/Q48
Huaihua,4558000,People's Republic of China,http://www.wikidata.org/entity/Q48
Zibo,4530597,People's Republic of China,http://www.wikidata.org/entity/Q48
Melbourne,4529500,Australia,http://www.wikidata.org/entity/Q538
Jilin City,4500000,People's Republic of China,http://www.wikidata.org/entity/Q48
Kolkata,4496694,India,http://www.wikidata.org/entity/Q48
Dalian,4480000,People's Republic of China,http://www.wikidata.org/entity/Q48
Yangzhou,4459000,People's Republic of China,http://www.wikidata.org/entity/Q48
Yibin,4456000,People's Republic of China,http://www.wikidata.org/entity/Q48
Jiangmen,4448871,People's Republic of China,http://www.wikidata.org/entity/Q48
Johannesburg,4434827,South Africa,http://www.wikidata.org/entity/Q15
Jilin City,4413157,People's Republic of China,http://www.wikidata.org/entity/Q48
Chenzhou,4385000,People's Republic of China,http://www.wikidata.org/entity/Q48
Chifeng,4376600,People's Republic of China,http://www.wikidata.org/entity/Q48
Casablanca,4370000,Morocco,http://www.wikidata.org/entity/Q15
Guiyang,4365000,People's Republic of China,http://www.wikidata.org/entity/Q48
Langfang,4358839,People's Republic of China,http://www.wikidata.org/entity/Q48
Zhangjiakou,4345491,People's Republic of China,http://www.wikidata.org/entity/Q48
İzmir,4320519,Turkey,http://www.wikidata.org/entity/Q46
İzmir,4320519,Turkey,http://www.wikidata.org/entity/Q48
Linfen,4316610,People's Republic of China,http://www.wikidata.org/entity/Q48
Wenzhou,4310000,People's Republic of China,http://www.wikidata.org/entity/Q48
Luzhou,4291000,People's Republic of China,http://www.wikidata.org/entity/Q48
Xuchang,4289000,People's Republic of China,http://www.wikidata.org/entity/Q48
Neijiang,4238000,People's Republic of China,http://www.wikidata.org/entity/Q48
Guigang,4225000,People's Republic of China,http://www.wikidata.org/entity/Q48
Ziyang,4217000,People's Republic of China,http://www.wikidata.org/entity/Q48
Yiyang,4174000,People's Republic of China,http://www.wikidata.org/entity/Q48
Hengshui,4150000,People's Republic of China,http://www.wikidata.org/entity/Q48
Yichang,4115000,People's Republic of China,http://www.wikidata.org/entity/Q48
Chuzhou,4110000,People's Republic of China,http://www.wikidata.org/entity/Q48
Amman,4007526,Jordan,http://www.wikidata.org/entity/Q48
Los Angeles,3976322,United States of America,http://www.wikidata.org/entity/Q49
Los Angeles,3976322,United States of America,http://www.wikidata.org/entity/Q538
Jeddah,3976000,Saudi Arabia,http://www.wikidata.org/entity/Q48
Zhaoqing,3910000,People's Republic of China,http://www.wikidata.org/entity/Q48
Loudi,3901000,People's Republic of China,http://www.wikidata.org/entity/Q48
Huizhou,3875000,People's Republic of China,http://www.wikidata.org/entity/Q48
Baise,3859000,People's Republic of China,http://www.wikidata.org/entity/Q48
Fuzhou,3850000,People's Republic of China,http://www.wikidata.org/entity/Q48
Wuhu,3842100,People's Republic of China,http://www.wikidata.org/entity/Q48
Hechi,3784000,People's Republic of China,http://www.wikidata.org/entity/Q48
Binzhou,3779200,People's Republic of China,http://www.wikidata.org/entity/Q48
Zhangzhou,3760000,People's Republic of China,http://www.wikidata.org/entity/Q48
Yokohama,3748781,Japan,http://www.wikidata.org/entity/Q48
Baoji,3738700,People's Republic of China,http://www.wikidata.org/entity/Q48
Guang'an,3723000,People's Republic of China,http://www.wikidata.org/entity/Q48
Hanzhong,3700000,People's Republic of China,http://www.wikidata.org/entity/Q48
Zhuzhou,3696000,People's Republic of China,http://www.wikidata.org/entity/Q48
Tongren,3680000,People's Republic of China,http://www.wikidata.org/entity/Q48
Kabul,3678034,Afghanistan,http://www.wikidata.org/entity/Q48
Qingyuan,3660000,People's Republic of China,http://www.wikidata.org/entity/Q48
Zaozhuang,3650000,People's Republic of China,http://www.wikidata.org/entity/Q48
Anshan,3645884,People's Republic of China,http://www.wikidata.org/entity/Q48
Deyang,3636000,People's Republic of China,http://www.wikidata.org/entity/Q48
Liuzhou,3625000,People's Republic of China,http://www.wikidata.org/entity/Q48
Lanzhou,3616163,People's Republic of China,http://www.wikidata.org/entity/Q48
Berlin,3613495,Germany,http://www.wikidata.org/entity/Q46
Chengde,3610000,People's Republic of China,http://www.wikidata.org/entity/Q48
Puyang,3580000,People's Republic of China,http://www.wikidata.org/entity/Q48
Changzhou,3570000,People's Republic of China,http://www.wikidata.org/entity/Q48
Suining,3556000,People's Republic of China,http://www.wikidata.org/entity/Q48
Jiaozuo,3540101,People's Republic of China,http://www.wikidata.org/entity/Q48
Xiamen,3531347,People's Republic of China,http://www.wikidata.org/entity/Q48
Bengbu,3525000,People's Republic of China,http://www.wikidata.org/entity/Q48
Lüliang,3500000,People's Republic of China,http://www.wikidata.org/entity/Q48
Busan,3440484,South Korea,http://www.wikidata.org/entity/Q48
Hyderabad,3429471,Pakistan,http://www.wikidata.org/entity/Q48
Algiers,3415811,Algeria,http://www.wikidata.org/entity/Q15
Tianshui,3400000,People's Republic of China,http://www.wikidata.org/entity/Q48
Taiyuan,3398000,People's Republic of China,http://www.wikidata.org/entity/Q48
Lucknow,3382000,India,http://www.wikidata.org/entity/Q48
Chaoyang,3370000,People's Republic of China,http://www.wikidata.org/entity/Q48
Leshan,3364000,People's Republic of China,http://www.wikidata.org/entity/Q48
Jiaxing,3330000,People's Republic of China,http://www.wikidata.org/entity/Q48
Yulin,3328000,People's Republic of China,http://www.wikidata.org/entity/Q48
Heyuan,3320000,People's Republic of China,http://www.wikidata.org/entity/Q48
Siping,3300000,People's Republic of China,http://www.wikidata.org/entity/Q48
Madrid,3266126,Spain,http://www.wikidata.org/entity/Q46
Jinan,3250000,People's Republic of China,http://www.wikidata.org/entity/Q48
Changzhi,3230000,People's Republic of China,http://www.wikidata.org/entity/Q48
Shiyan,3228000,People's Republic of China,http://www.wikidata.org/entity/Q48
Faisalabad,3203846,Pakistan,http://www.wikidata.org/entity/Q48
Qinzhou,3200000,People's Republic of China,http://www.wikidata.org/entity/Q48
Putian,3190000,People's Republic of China,http://www.wikidata.org/entity/Q48
Datong,3160000,People's Republic of China,http://www.wikidata.org/entity/Q48
Shaoguan,3148000,People's Republic of China,http://www.wikidata.org/entity/Q48
Bazhong,3134000,People's Republic of China,http://www.wikidata.org/entity/Q48
Zhongshan,3121275,People's Republic of China,http://www.wikidata.org/entity/Q48
Zhenjiang,3113384,People's Republic of China,http://www.wikidata.org/entity/Q48
Ürümqi,3112559,People's Republic of China,http://www.wikidata.org/entity/Q48
Wuzhou,3101000,People's Republic of China,http://www.wikidata.org/entity/Q48
Tongliao,3094600,People's Republic of China,http://www.wikidata.org/entity/Q48
Jaipur,3073350,India,http://www.wikidata.org/entity/Q48
Xinzhou,3067501,People's Republic of China,http://www.wikidata.org/entity/Q48
Buenos Aires,3063728,Argentina,http://www.wikidata.org/entity/Q18
Jinzhong,3060000,People's Republic of China,http://www.wikidata.org/entity/Q48
Addis Ababa,3041002,Ethiopia,http://www.wikidata.org/entity/Q15
Ningde,3030000,People's Republic of China,http://www.wikidata.org/entity/Q48
Giza,3021542,Egypt,http://www.wikidata.org/entity/Q15
Giza,3021542,Egypt,http://www.wikidata.org/entity/Q48
Meishan,3020000,People's Republic of China,http://www.wikidata.org/entity/Q48
Mashhad,3001184,Iran,http://www.wikidata.org/entity/Q48
Tieling,3000000,People's Republic of China,http://www.wikidata.org/entity/Q48
Jinzhou,3000000,People's Republic of China,http://www.wikidata.org/entity/Q48
Shanwei,2990000,People's Republic of China,http://www.wikidata.org/entity/Q48
Sana'a,2957000,Yemen,http://www.wikidata.org/entity/Q48
Liupanshui,2955000,People's Republic of China,http://www.wikidata.org/entity/Q48
Quezon City,2936116,Philippines,http://www.wikidata.org/entity/Q48
Kiev,2935239,Ukraine,http://www.wikidata.org/entity/Q46
Dingxi,2930000,People's Republic of China,http://www.wikidata.org/entity/Q48
Salvador,2921087,Brazil,http://www.wikidata.org/entity/Q18
Xiangtan,2916000,People's Republic of China,http://www.wikidata.org/entity/Q48
Incheon,2913024,South Korea,http://www.wikidata.org/entity/Q48
Daqing,2904532,People's Republic of China,http://www.wikidata.org/entity/Q48
Bursa,2901396,Turkey,http://www.wikidata.org/entity/Q46
Bursa,2901396,Turkey,http://www.wikidata.org/entity/Q48
Nanping,2890000,People's Republic of China,http://www.wikidata.org/entity/Q48
Rome,2872800,Italy,http://www.wikidata.org/entity/Q46
Pyongyang,2863000,North Korea,http://www.wikidata.org/entity/Q48
Jingmen City,2839000,People's Republic of China,http://www.wikidata.org/entity/Q48
Kano,2828861,Nigeria,http://www.wikidata.org/entity/Q15
Omdurman,2805396,Sudan,http://www.wikidata.org/entity/Q15
Taichung,2803894,Taiwan,http://www.wikidata.org/entity/Q48
Qinhuangdao,2800000,People's Republic of China,http://www.wikidata.org/entity/Q48
Zigong,2800000,People's Republic of China,http://www.wikidata.org/entity/Q48
Mudanjiang,2790000,People's Republic of China,http://www.wikidata.org/entity/Q48
Brasília,2789761,Brazil,http://www.wikidata.org/entity/Q18
Huludao,2787000,People's Republic of China,http://www.wikidata.org/entity/Q48
Kaohsiung,2773533,Taiwan,http://www.wikidata.org/entity/Q48
Longyan,2770000,People's Republic of China,http://www.wikidata.org/entity/Q48
Ōsaka,2740202,Japan,http://www.wikidata.org/entity/Q48
Toronto,2731571,Canada,http://www.wikidata.org/entity/Q49
Chicago,2722389,United States of America,http://www.wikidata.org/entity/Q49
Chicago,2722389,United States of America,http://www.wikidata.org/entity/Q538
Rizhao,2720000,People's Republic of China,http://www.wikidata.org/entity/Q48
Kanpur,2701324,India,http://www.wikidata.org/entity/Q48
Baotou,2700000,People's Republic of China,http://www.wikidata.org/entity/Q48
Guayaquil,2698077,Ecuador,http://www.wikidata.org/entity/Q18
Taipei,2684567,Taiwan,http://www.wikidata.org/entity/Q48
Hohhot,2635000,People's Republic of China,http://www.wikidata.org/entity/Q48
Sanming,2630000,People's Republic of China,http://www.wikidata.org/entity/Q48
Chaozhou,2620000,People's Republic of China,http://www.wikidata.org/entity/Q48
Longnan,2614000,People's Republic of China,http://www.wikidata.org/entity/Q48
Antananarivo,2610000,Madagascar,http://www.wikidata.org/entity/Q15
Weihai,2596753,People's Republic of China,http://www.wikidata.org/entity/Q48
Santo Domingo,2581827,Dominican Republic,http://www.wikidata.org/entity/Q49
Chittagong,2581643,Bangladesh,http://www.wikidata.org/entity/Q48
Xuancheng,2580000,People's Republic of China,http://www.wikidata.org/entity/Q48
Pu'er City,2576000,People's Republic of China,http://www.wikidata.org/entity/Q48
Huzhou,2570000,People's Republic of China,http://www.wikidata.org/entity/Q48
Hulunbuir,2549000,People's Republic of China,http://www.wikidata.org/entity/Q48
Anshun,2543000,People's Republic of China,http://www.wikidata.org/entity/Q48
Medellín,2529403,Colombia,http://www.wikidata.org/entity/Q18
Belo Horizonte,2513451,Brazil,http://www.wikidata.org/entity/Q18
Lishui,2510000,People's Republic of China,http://www.wikidata.org/entity/Q48
Xianning,2506000,People's Republic of China,http://www.wikidata.org/entity/Q48
Dubai,2502715,United Arab Emirates,http://www.wikidata.org/entity/Q48
Luohe,2500000,People's Republic of China,http://www.wikidata.org/entity/Q48
Qingyang,2500000,People's Republic of China,http://www.wikidata.org/entity/Q48
Mirzapur,2496970,India,http://www.wikidata.org/entity/Q48
Luanda,2487444,Angola,http://www.wikidata.org/entity/Q15
Guangyuan,2484122,People's Republic of China,http://www.wikidata.org/entity/Q48
Binhai New Area,2482065,People's Republic of China,http://www.wikidata.org/entity/Q48
Cali,2471474,Colombia,http://www.wikidata.org/entity/Q18
Lusaka,2467467,Zambia,http://www.wikidata.org/entity/Q15
Daegu,2461002,South Korea,http://www.wikidata.org/entity/Q48
Fortaleza,2452185,Brazil,http://www.wikidata.org/entity/Q18
Guatemala City,2450212,Guatemala,http://www.wikidata.org/entity/Q49
Baoshan,2450000,People's Republic of China,http://www.wikidata.org/entity/Q48
Douala,2446945,Cameroon,http://www.wikidata.org/entity/Q15
Yaoundé,2440462,Cameroon,http://www.wikidata.org/entity/Q15
Antalya,2426356,Turkey,http://www.wikidata.org/entity/Q46
Antalya,2426356,Turkey,http://www.wikidata.org/entity/Q48
Tashkent,2424100,Uzbekistan,http://www.wikidata.org/entity/Q48
Huangshi,2419000,People's Republic of China,http://www.wikidata.org/entity/Q48
Huainan,2409000,People's Republic of China,http://www.wikidata.org/entity/Q48
Nagpur,2405665,India,http://www.wikidata.org/entity/Q48
Dandong,2400000,People's Republic of China,http://www.wikidata.org/entity/Q48
Shangluo,2400000,People's Republic of China,http://www.wikidata.org/entity/Q48
Bandung,2394873,Indonesia,http://www.wikidata.org/entity/Q48
Ghaziabad,2381452,India,http://www.wikidata.org/entity/Q48
Bekasi,2381053,Indonesia,http://www.wikidata.org/entity/Q48
Chongzuo,2369000,People's Republic of China,http://www.wikidata.org/entity/Q48
Lincang,2368000,People's Republic of China,http://www.wikidata.org/entity/Q48
Brisbane,2360241,Australia,http://www.wikidata.org/entity/Q538
Jiamusi,2360000,People's Republic of China,http://www.wikidata.org/entity/Q48
Yangjiang,2357000,People's Republic of China,http://www.wikidata.org/entity/Q48
Nagoya,2325918,Japan,http://www.wikidata.org/entity/Q48
Fushun,2300000,People's Republic of China,http://www.wikidata.org/entity/Q48
Accra,2291352,Ghana,http://www.wikidata.org/entity/Q15
Laibin,2272000,People's Republic of China,http://www.wikidata.org/entity/Q48
Yuxi,2264000,People's Republic of China,http://www.wikidata.org/entity/Q48
Tangerang,2237006,Indonesia,http://www.wikidata.org/entity/Q48
Taoyuan City,2220872,Taiwan,http://www.wikidata.org/entity/Q48
Adana,2220125,Turkey,http://www.wikidata.org/entity/Q46
Adana,2220125,Turkey,http://www.wikidata.org/entity/Q48
Yingkou,2220000,People's Republic of China,http://www.wikidata.org/entity/Q48
Sanmenxia,2213000,People's Republic of China,http://www.wikidata.org/entity/Q48
Medan,2210625,Indonesia,http://www.wikidata.org/entity/Q48
Konya,2205609,Turkey,http://www.wikidata.org/entity/Q46
Konya,2205609,Turkey,http://www.wikidata.org/entity/Q48
Paris,2204773,France,http://www.wikidata.org/entity/Q46
Ma'anshan,2202899,People's Republic of China,http://www.wikidata.org/entity/Q48
Indore,2201927,India,http://www.wikidata.org/entity/Q48
Suizhou,2200000,People's Republic of China,http://www.wikidata.org/entity/Q48
Houston,2195914,United States of America,http://www.wikidata.org/entity/Q49
Houston,2195914,United States of America,http://www.wikidata.org/entity/Q538
Pingliang,2190000,People's Republic of China,http://www.wikidata.org/entity/Q48
Quzhou,2185000,People's Republic of China,http://www.wikidata.org/entity/Q48
Hezhou,2184000,People's Republic of China,http://www.wikidata.org/entity/Q48
Baku,2181800,Azerbaijan,http://www.wikidata.org/entity/Q46
Baku,2181800,Azerbaijan,http://www.wikidata.org/entity/Q48
Huaibei,2158000,People's Republic of China,http://www.wikidata.org/entity/Q48
Xining,2154000,People's Republic of China,http://www.wikidata.org/entity/Q48
Basra,2150000,Iraq,http://www.wikidata.org/entity/Q48
Yan'an,2150000,People's Republic of China,http://www.wikidata.org/entity/Q48
Havana,2141652,Cuba,http://www.wikidata.org/entity/Q49
Ulanqab,2138200,People's Republic of China,http://www.wikidata.org/entity/Q48
Mogadishu,2120000,Somalia,http://www.wikidata.org/entity/Q15
Jincheng,2120000,People's Republic of China,http://www.wikidata.org/entity/Q48
Haiphong,2103500,Vietnam,http://www.wikidata.org/entity/Q48
Rawalpindi,2098231,Pakistan,http://www.wikidata.org/entity/Q48
Kumasi,2069350,Ghana,http://www.wikidata.org/entity/Q15
Vadodara,2065771,India,http://www.wikidata.org/entity/Q48
Puning,2055552,People's Republic of China,http://www.wikidata.org/entity/Q48
Haikou,2046189,People's Republic of China,http://www.wikidata.org/entity/Q48
Perth,2039200,Australia,http://www.wikidata.org/entity/Q538
Visakhapatnam,2035922,India,http://www.wikidata.org/entity/Q48
Gaziantep,2028563,Turkey,http://www.wikidata.org/entity/Q46
Gaziantep,2028563,Turkey,http://www.wikidata.org/entity/Q48
Bamako,2009109,Mali,http://www.wikidata.org/entity/Q15
Şanlıurfa,1985753,Turkey,http://www.wikidata.org/entity/Q46
Şanlıurfa,1985753,Turkey,http://www.wikidata.org/entity/Q48
West Berlin,1984837,Allied-occupied Germany,http://www.wikidata.org/entity/Q46
Quito,1978376,Ecuador,http://www.wikidata.org/entity/Q18
Minsk,1974800,Belarus,http://www.wikidata.org/entity/Q46
Kananga,1971704,Democratic Republic of the Congo,http://www.wikidata.org/entity/Q15
Peshawar,1970042,Pakistan,http://www.wikidata.org/entity/Q48
Sapporo,1958756,Japan,http://www.wikidata.org/entity/Q48
Jixi,1950000,People's Republic of China,http://www.wikidata.org/entity/Q48
Caracas,1945901,Venezuela,http://www.wikidata.org/entity/Q18
Fuxin,1930000,People's Republic of China,http://www.wikidata.org/entity/Q48
Hargeisa,1900000,Somalia,http://www.wikidata.org/entity/Q15
Hargeisa,1900000,Somaliland,http://www.wikidata.org/entity/Q15
Blantyre,1895973,Malawi,http://www.wikidata.org/entity/Q15
Wuwei,1890000,People's Republic of China,http://www.wikidata.org/entity/Q48
Tainan,1883831,Taiwan,http://www.wikidata.org/entity/Q48
Bucharest,1883425,Romania,http://www.wikidata.org/entity/Q46
Bhopal,1883381,India,http://www.wikidata.org/entity/Q48
Curitiba,1879355,Brazil,http://www.wikidata.org/entity/Q18
Hamburg,1841179,Germany,http://www.wikidata.org/entity/Q46
Vienna,1840573,Austria,http://www.wikidata.org/entity/Q46
Pingxiang,1840000,People's Republic of China,http://www.wikidata.org/entity/Q48
Aleppo,1834093,Syria,http://www.wikidata.org/entity/Q48
Brazzaville,1827000,Republic of the Congo,http://www.wikidata.org/entity/Q15
Mersin,1814468,Turkey,http://www.wikidata.org/entity/Q46
Mersin,1814468,Turkey,http://www.wikidata.org/entity/Q48
Almaty,1806833,Kazakhstan,http://www.wikidata.org/entity/Q46
Almaty,1806833,Kazakhstan,http://www.wikidata.org/entity/Q48
Liaoyang,1800000,People's Republic of China,http://www.wikidata.org/entity/Q48
Baiyin,1799000,People's Republic of China,http://www.wikidata.org/entity/Q48
Dongying,1790000,People's Republic of China,http://www.wikidata.org/entity/Q48
Lubumbashi,1786397,Democratic Republic of the Congo,http://www.wikidata.org/entity/Q15
Manila,1780148,Philippines,http://www.wikidata.org/entity/Q48
Warsaw,1764615,Poland,http://www.wikidata.org/entity/Q46
Isfahan,1756126,Iran,http://www.wikidata.org/entity/Q48
Damascus,1754000,Syria,http://www.wikidata.org/entity/Q48
Budapest,1752286,Hungary,http://www.wikidata.org/entity/Q46
Heihe,1750000,People's Republic of China,http://www.wikidata.org/entity/Q48
Lusaka,1742979,Zambia,http://www.wikidata.org/entity/Q15
Bayannur,1741900,People's Republic of China,http://www.wikidata.org/entity/Q48
Diyarbakır,1732396,Turkey,http://www.wikidata.org/entity/Q46
Diyarbakır,1732396,Turkey,http://www.wikidata.org/entity/Q48
Pimpri-Chinchwad,1729320,India,http://www.wikidata.org/entity/Q48
Montreal,1704694,Canada,http://www.wikidata.org/entity/Q49
Mosul,1694000,Iraq,http://www.wikidata.org/entity/Q48
Patna,1684222,India,http://www.wikidata.org/entity/Q48
Mecca,1675368,Saudi Arabia,http://www.wikidata.org/entity/Q48
Conakry,1667864,Guinea,http://www.wikidata.org/entity/Q15
Kampala,1659600,Uganda,http://www.wikidata.org/entity/Q15
Kunshan,1651200,People's Republic of China,http://www.wikidata.org/entity/Q48
Makassar,1651146,Indonesia,http://www.wikidata.org/entity/Q48
South Tangerang,1644899,Indonesia,http://www.wikidata.org/entity/Q48
Tijuana,1641570,Mexico,http://www.wikidata.org/entity/Q49
Barcelona,1636762,Spain,http://www.wikidata.org/entity/Q46
Davao City,1632991,Philippines,http://www.wikidata.org/entity/Q48
Depok,1631951,Indonesia,http://www.wikidata.org/entity/Q48
Rabat,1628000,Morocco,http://www.wikidata.org/entity/Q15
Ouagadougou,1626950,Burkina Faso,http://www.wikidata.org/entity/Q15
Phoenix,1626078,United States of America,http://www.wikidata.org/entity/Q49
Phoenix,1626078,United States of America,http://www.wikidata.org/entity/Q538
Semarang,1621384,Indonesia,http://www.wikidata.org/entity/Q48
Yinchuan,1616000,People's Republic of China,http://www.wikidata.org/entity/Q48
Multan,1606481,Pakistan,http://www.wikidata.org/entity/Q48
Harare,1606000,Zimbabwe,http://www.wikidata.org/entity/Q15
Tengzhou,1603659,People's Republic of China,http://www.wikidata.org/entity/Q48
Novosibirsk,1602915,Russia,http://www.wikidata.org/entity/Q46
Novosibirsk,1602915,Russia,http://www.wikidata.org/entity/Q48
Fukuoka,1592657,Japan,http://www.wikidata.org/entity/Q48
Karaj,1592492,Iran,http://www.wikidata.org/entity/Q48
Agra,1585704,India,http://www.wikidata.org/entity/Q48
Stockholm urban area,1584196,Sweden,http://www.wikidata.org/entity/Q46
Caloocan,1583978,Philippines,http://www.wikidata.org/entity/Q48
Philadelphia,1580863,United States of America,http://www.wikidata.org/entity/Q49
Philadelphia,1580863,United States of America,http://www.wikidata.org/entity/Q538
Haidong,1575000,People's Republic of China,http://www.wikidata.org/entity/Q48
Beihai,1573000,People's Republic of China,http://www.wikidata.org/entity/Q48
Gujranwala,1569090,Pakistan,http://www.wikidata.org/entity/Q48
Benxi,1567000,People's Republic of China,http://www.wikidata.org/entity/Q48
Zhuhai,1562000,People's Republic of China,http://www.wikidata.org/entity/Q48
Madurai,1561129,India,http://www.wikidata.org/entity/Q48
Tabriz,1558693,Iran,http://www.wikidata.org/entity/Q48
Jamshedpur,1558000,India,http://www.wikidata.org/entity/Q48
Recife,1555039,Brazil,http://www.wikidata.org/entity/Q18
Jingdezhen,1554000,People's Republic of China,http://www.wikidata.org/entity/Q48
Maracaibo,1551539,Venezuela,http://www.wikidata.org/entity/Q18
Ordos City,1547900,People's Republic of China,http://www.wikidata.org/entity/Q48
Kawasaki,1530457,Japan,http://www.wikidata.org/entity/Q48
Shuangyashan,1530000,People's Republic of China,http://www.wikidata.org/entity/Q48
Kōbe,1522944,Japan,http://www.wikidata.org/entity/Q48
Ya'an,1512000,People's Republic of China,http://www.wikidata.org/entity/Q48
Changshu,1510100,People's Republic of China,http://www.wikidata.org/entity/Q48
Phnom Penh,1501725,Cambodia,http://www.wikidata.org/entity/Q48
Gwangju,1501557,South Korea,http://www.wikidata.org/entity/Q48
Saltillo,1500000,Mexico,http://www.wikidata.org/entity/Q49
Nashik,1486053,India,http://www.wikidata.org/entity/Q48
Zhangjiajie,1486000,People's Republic of China,http://www.wikidata.org/entity/Q48
Porto Alegre,1484941,Brazil,http://www.wikidata.org/entity/Q18
Valencia,1484430,Venezuela,http://www.wikidata.org/entity/Q18
Daejeon,1475221,South Korea,http://www.wikidata.org/entity/Q48
Yunfu,1470000,People's Republic of China,http://www.wikidata.org/entity/Q48
Huangshan City,1470000,People's Republic of China,http://www.wikidata.org/entity/Q48
Dengzhou,1468061,People's Republic of China,http://www.wikidata.org/entity/Q48
Auckland,1467800,New Zealand,http://www.wikidata.org/entity/Q538
Kyoto,1466264,Japan,http://www.wikidata.org/entity/Q48
Shiraz,1460665,Iran,http://www.wikidata.org/entity/Q48
Guadalajara,1460148,Mexico,http://www.wikidata.org/entity/Q49
Pizhou,1458038,People's Republic of China,http://www.wikidata.org/entity/Q48
Munich,1456039,Germany,http://www.wikidata.org/entity/Q46
Palembang,1452456,Indonesia,http://www.wikidata.org/entity/Q48
Kharkiv,1445098,Ukraine,http://www.wikidata.org/entity/Q46
Lianjiang,1443099,People's Republic of China,http://www.wikidata.org/entity/Q48
Santa Cruz de la Sierra,1441406,Bolivia,http://www.wikidata.org/entity/Q18
San Antonio,1436697,United States of America,http://www.wikidata.org/entity/Q49
San Antonio,1436697,United States of America,http://www.wikidata.org/entity/Q538
Puebla City,1434062,Mexico,http://www.wikidata.org/entity/Q49
Chizhou,1430000,People's Republic of China,http://www.wikidata.org/entity/Q48
Leizhou,1427664,People's Republic of China,http://www.wikidata.org/entity/Q48
Guyuan,1426000,People's Republic of China,http://www.wikidata.org/entity/Q48
Hebi,1419000,People's Republic of China,http://www.wikidata.org/entity/Q48
Faridabad,1404653,India,http://www.wikidata.org/entity/Q48
Sharjah,1400000,United Arab Emirates,http://www.wikidata.org/entity/Q48
Ulaanbaatar,1396288,Mongolia,http://www.wikidata.org/entity/Q48
San Diego,1394928,United States of America,http://www.wikidata.org/entity/Q49
San Diego,1394928,United States of America,http://www.wikidata.org/entity/Q538
Goiânia,1393575,Brazil,http://www.wikidata.org/entity/Q18
Belém,1393399,Brazil,http://www.wikidata.org/entity/Q18
Ciudad Juárez,1391180,Mexico,http://www.wikidata.org/entity/Q49
Juárez Municipality,1391180,Mexico,http://www.wikidata.org/entity/Q49
Kayseri,1389680,Turkey,http://www.wikidata.org/entity/Q46
Kayseri,1389680,Turkey,http://www.wikidata.org/entity/Q48
Pingdu,1378900,People's Republic of China,http://www.wikidata.org/entity/Q48
Belgrade,1378682,Serbia,http://www.wikidata.org/entity/Q46
Aurangabad,1371330,India,http://www.wikidata.org/entity/Q48
Ningxiang City,1368117,People's Republic of China,http://www.wikidata.org/entity/Q48
Islamabad,1365000,Pakistan,http://www.wikidata.org/entity/Q48
Lufeng,1358265,People's Republic of China,http://www.wikidata.org/entity/Q48
Milan,1351562,Italy,http://www.wikidata.org/entity/Q46
Samsun,1335716,Turkey,http://www.wikidata.org/entity/Q46
Samsun,1335716,Turkey,http://www.wikidata.org/entity/Q48
Rajkot,1335397,India,http://www.wikidata.org/entity/Q48
Zapopan,1332272,Mexico,http://www.wikidata.org/entity/Q49
Córdoba,1329604,Argentina,http://www.wikidata.org/entity/Q18
Guarulhos,1324781,Brazil,http://www.wikidata.org/entity/Q18
Montevideo,1319108,Uruguay,http://www.wikidata.org/entity/Q18
Xintai,1315942,People's Republic of China,http://www.wikidata.org/entity/Q48
Doha,1312947,Qatar,http://www.wikidata.org/entity/Q48
Khulna,1311100,Bangladesh,http://www.wikidata.org/entity/Q48
Prague,1308632,Czech Republic,http://www.wikidata.org/entity/Q46
Saitama,1307931,Japan,http://www.wikidata.org/entity/Q48
Hiroshima,1306589,Japan,http://www.wikidata.org/entity/Q48
Meerut,1305429,India,http://www.wikidata.org/entity/Q48
Yushu,1304436,People's Republic of China,http://www.wikidata.org/entity/Q48
Xuanwei,1302891,People's Republic of China,http://www.wikidata.org/entity/Q48
Yangquan,1300000,People's Republic of China,http://www.wikidata.org/entity/Q48
Adelaide,1295714,Australia,http://www.wikidata.org/entity/Q538
Haicheng,1293877,People's Republic of China,http://www.wikidata.org/entity/Q48
Qom,1292283,Iran,http://www.wikidata.org/entity/Q48
Gaozhou,1288665,People's Republic of China,http://www.wikidata.org/entity/Q48
Sofia,1286383,Bulgaria,http://www.wikidata.org/entity/Q46
Wuzhong,1284000,People's Republic of China,http://www.wikidata.org/entity/Q48
East Berlin,1279212,German Democratic Republic,http://www.wikidata.org/entity/Q46
Zhangye,1270000,People's Republic of China,http://www.wikidata.org/entity/Q48
Jabalpur,1267564,India,http://www.wikidata.org/entity/Q48
Rugao,1267066,People's Republic of China,http://www.wikidata.org/entity/Q48
Nizhny Novgorod,1264075,Russia,http://www.wikidata.org/entity/Q46
Nizhny Novgorod,1264075,Russia,http://www.wikidata.org/entity/Q48
Saitama,1263979,Japan,http://www.wikidata.org/entity/Q48
Thane,1261517,India,http://www.wikidata.org/entity/Q48
Xinghua,1253548,People's Republic of China,http://www.wikidata.org/entity/Q48
Zhangjiagang,1253100,People's Republic of China,http://www.wikidata.org/entity/Q48
Shuozhou,1250000,People's Republic of China,http://www.wikidata.org/entity/Q48
Comayaguela,1250000,Honduras,http://www.wikidata.org/entity/Q49
Yichun,1250000,People's Republic of China,http://www.wikidata.org/entity/Q48
Laiwu,1248636,People's Republic of China,http://www.wikidata.org/entity/Q48
Panjin,1243000,People's Republic of China,http://www.wikidata.org/entity/Q48
Suwon,1242212,South Korea,http://www.wikidata.org/entity/Q48
Jiangyin,1241045,People's Republic of China,http://www.wikidata.org/entity/Q48
Yongcheng,1240382,People's Republic of China,http://www.wikidata.org/entity/Q48
Calgary,1239220,Canada,http://www.wikidata.org/entity/Q49
León,1238496,Mexico,http://www.wikidata.org/entity/Q49
Cần Thơ,1237300,Vietnam,http://www.wikidata.org/entity/Q48
Abuja,1235880,Nigeria,http://www.wikidata.org/entity/Q15
Barranquilla,1232766,Colombia,http://www.wikidata.org/entity/Q18
Da Nang,1230847,Vietnam,http://www.wikidata.org/entity/Q48
Ciudad Nezahualcóyotl,1228654,Mexico,http://www.wikidata.org/entity/Q49
Mandalay,1225546,Myanmar,http://www.wikidata.org/entity/Q48
Vasai-Virar,1222390,India,http://www.wikidata.org/entity/Q48
Lijiang,1216000,People's Republic of China,http://www.wikidata.org/entity/Q48
Chelyabinsk,1202371,Russia,http://www.wikidata.org/entity/Q46
Chelyabinsk,1202371,Russia,http://www.wikidata.org/entity/Q48
Mombasa,1200000,Kenya,http://www.wikidata.org/entity/Q15
Tunis,1200000,Tunisia,http://www.wikidata.org/entity/Q15
Varanasi,1198491,India,http://www.wikidata.org/entity/Q48
Dallas,1197816,United States of America,http://www.wikidata.org/entity/Q49
Dallas,1197816,United States of America,http://www.wikidata.org/entity/Q538
Maiduguri,1197497,Nigeria,http://www.wikidata.org/entity/Q15
Rosario,1193605,Argentina,http://www.wikidata.org/entity/Q18
Maputo,1191613,Mozambique,http://www.wikidata.org/entity/Q15
Balıkesir,1189057,Turkey,http://www.wikidata.org/entity/Q46
Balıkesir,1189057,Turkey,http://www.wikidata.org/entity/Q48
Medina,1180770,Saudi Arabia,http://www.wikidata.org/entity/Q48
Srinagar,1180570,India,http://www.wikidata.org/entity/Q48
Huazhou Shi,1178809,People's Republic of China,http://www.wikidata.org/entity/Q48
Omsk,1178391,Russia,http://www.wikidata.org/entity/Q46
Omsk,1178391,Russia,http://www.wikidata.org/entity/Q48
Bandarlampung,1166761,Indonesia,http://www.wikidata.org/entity/Q48
Ulsan,1166033,South Korea,http://www.wikidata.org/entity/Q48
Dingzhou,1165182,People's Republic of China,http://www.wikidata.org/entity/Q48
Campinas,1164098,Brazil,http://www.wikidata.org/entity/Q18
Lianyuan,1162928,People's Republic of China,http://www.wikidata.org/entity/Q48
Naypyidaw,1160242,Myanmar,http://www.wikidata.org/entity/Q48
Dakar,1146053,Senegal,http://www.wikidata.org/entity/Q15
Panzhihua,1144000,People's Republic of China,http://www.wikidata.org/entity/Q48
Santiago de los Caballeros,1142947,Dominican Republic,http://www.wikidata.org/entity/Q49
Quetta,1140000,Pakistan,http://www.wikidata.org/entity/Q48
Birmingham,1137100,United Kingdom,http://www.wikidata.org/entity/Q46
Monterrey,1135512,Mexico,http://www.wikidata.org/entity/Q49
Kigali,1132686,Rwanda,http://www.wikidata.org/entity/Q15
Kigali,1132686,German East Africa,http://www.wikidata.org/entity/Q15
Amritsar,1132383,India,http://www.wikidata.org/entity/Q48
Yuzhou,1131896,People's Republic of China,http://www.wikidata.org/entity/Q48
Aligarh,1131160,India,http://www.wikidata.org/entity/Q48
Tegucigalpa,1126534,Honduras,http://www.wikidata.org/entity/Q49
Tripoli,1126000,Libya,http://www.wikidata.org/entity/Q15
Bhiwandi,1125898,India,http://www.wikidata.org/entity/Q48
Rostov-on-Don,1125299,Russia,http://www.wikidata.org/entity/Q46
Rostov-on-Don,1125299,Russia,http://www.wikidata.org/entity/Q48
Xinyu,1125000,People's Republic of China,http://www.wikidata.org/entity/Q48
Navi Mumbai,1119477,India,http://www.wikidata.org/entity/Q48
Tbilisi,1118035,Georgia,http://www.wikidata.org/entity/Q46
Tbilisi,1118035,Georgia,http://www.wikidata.org/entity/Q48
Zoucheng,1116692,People's Republic of China,http://www.wikidata.org/entity/Q48
Ufa,1115560,Russia,http://www.wikidata.org/entity/Q46
Ufa,1115560,Russia,http://www.wikidata.org/entity/Q48
Fez,1112072,Morocco,http://www.wikidata.org/entity/Q15
Ahvaz,1112021,Iran,http://www.wikidata.org/entity/Q48
Biên Hòa,1104000,Vietnam,http://www.wikidata.org/entity/Q48
Yingtan,1102000,People's Republic of China,http://www.wikidata.org/entity/Q48
Gwalior,1101981,India,http://www.wikidata.org/entity/Q48
Hegang,1100000,People's Republic of China,http://www.wikidata.org/entity/Q48
Hanchuan City,1092700,People's Republic of China,http://www.wikidata.org/entity/Q48
Gongzhuling,1092692,People's Republic of China,http://www.wikidata.org/entity/Q48
N'Djamena,1092066,Chad,http://www.wikidata.org/entity/Q15
Irbid,1088100,Jordan,http://www.wikidata.org/entity/Q48
Yixing,1082929,People's Republic of China,http://www.wikidata.org/entity/Q48
Zhucheng,1081960,People's Republic of China,http://www.wikidata.org/entity/Q48
Cologne,1080394,Germany,http://www.wikidata.org/entity/Q46
Nur-Sultan,1078362,Kazakhstan,http://www.wikidata.org/entity/Q46
Nur-Sultan,1078362,Kazakhstan,http://www.wikidata.org/entity/Q48
Nouakchott,1077169,Mauritania,http://www.wikidata.org/entity/Q15
Howrah,1077075,India,http://www.wikidata.org/entity/Q48
Yerevan,1075800,Armenia,http://www.wikidata.org/entity/Q46
Yerevan,1075800,Armenia,http://www.wikidata.org/entity/Q48
Taixing,1073921,People's Republic of China,http://www.wikidata.org/entity/Q48
São Luís,1073893,Brazil,http://www.wikidata.org/entity/Q18
San Pedro Sula,1073824,Honduras,http://www.wikidata.org/entity/Q49
Ranchi,1073440,India,http://www.wikidata.org/entity/Q48
Goyang,1061929,South Korea,http://www.wikidata.org/entity/Q48
Liling,1060000,People's Republic of China,http://www.wikidata.org/entity/Q48
Barquisimeto,1059092,Venezuela,http://www.wikidata.org/entity/Q18
Sendai,1058070,Japan,http://www.wikidata.org/entity/Q48
Chandigarh,1055450,India,http://www.wikidata.org/entity/Q48
Vijayawada,1048240,India,http://www.wikidata.org/entity/Q48
Perm,1048005,Russia,http://www.wikidata.org/entity/Q46
Perm,1048005,Russia,http://www.wikidata.org/entity/Q48
Voronezh,1047549,Russia,http://www.wikidata.org/entity/Q46
Voronezh,1047549,Russia,http://www.wikidata.org/entity/Q48
Changwon,1046054,South Korea,http://www.wikidata.org/entity/Q48
Zhongwei,1046000,People's Republic of China,http://www.wikidata.org/entity/Q48
JianyangSichuan,1045900,People's Republic of China,http://www.wikidata.org/entity/Q48
Al-Ahsa Governorate,1041863,Saudi Arabia,http://www.wikidata.org/entity/Q48
Shouguang,1039205,People's Republic of China,http://www.wikidata.org/entity/Q48
Cartagena,1036412,Colombia,http://www.wikidata.org/entity/Q18
Panzhou City,1035345,People's Republic of China,http://www.wikidata.org/entity/Q48
Jodhpur,1033918,India,http://www.wikidata.org/entity/Q48
Matola,1032197,Mozambique,http://www.wikidata.org/entity/Q15
Ogbomosho,1032000,Nigeria,http://www.wikidata.org/entity/Q15
Ashgabat,1031992,Turkmenistan,http://www.wikidata.org/entity/Q48
Ezhou,1031000,People's Republic of China,http://www.wikidata.org/entity/Q48
Bogor,1030720,Indonesia,http://www.wikidata.org/entity/Q48
Tekirdağ,1029927,Turkey,http://www.wikidata.org/entity/Q46
Tekirdağ,1029927,Turkey,http://www.wikidata.org/entity/Q48
Batam,1029808,Indonesia,http://www.wikidata.org/entity/Q48
Maceió,1029129,Brazil,http://www.wikidata.org/entity/Q18
Managua,1028808,Nicaragua,http://www.wikidata.org/entity/Q49
Niamey,1026848,Niger,http://www.wikidata.org/entity/Q15
Shubra El-Kheima,1025569,Egypt,http://www.wikidata.org/entity/Q15
Shubra El-Kheima,1025569,Egypt,http://www.wikidata.org/entity/Q48
San Jose,1025350,United States of America,http://www.wikidata.org/entity/Q49
San Jose,1025350,United States of America,http://www.wikidata.org/entity/Q538
Wafangdian,1024876,People's Republic of China,http://www.wikidata.org/entity/Q48
Jinjiang,1024000,People's Republic of China,http://www.wikidata.org/entity/Q48
Zhongxiang City,1022514,People's Republic of China,http://www.wikidata.org/entity/Q48
Monrovia,1021762,Liberia,http://www.wikidata.org/entity/Q15
Shymkent,1018974,Kazakhstan,http://www.wikidata.org/entity/Q46
Shymkent,1018974,Kazakhstan,http://www.wikidata.org/entity/Q48
Volgograd,1015586,Russia,http://www.wikidata.org/entity/Q46
Volgograd,1015586,Russia,http://www.wikidata.org/entity/Q48
Odessa,1010783,Ukraine,http://www.wikidata.org/entity/Q46
Raipur,1010087,India,http://www.wikidata.org/entity/Q48
Arequipa,1008290,Peru,http://www.wikidata.org/entity/Q18
Port Harcourt,1005904,Nigeria,http://www.wikidata.org/entity/Q15
Zaoyang City,1004741,People's Republic of China,http://www.wikidata.org/entity/Q48
Xiangcheng City,1003698,People's Republic of China,http://www.wikidata.org/entity/Q48
Kota,1001694,India,http://www.wikidata.org/entity/Q48
Bareilly,1000000,India,http://www.wikidata.org/entity/Q48
Abu Dhabi,1000000,United Arab Emirates,http://www.wikidata.org/entity/Q48
Callao,994494,Peru,http://www.wikidata.org/entity/Q18
Mexicali,988417,Mexico,http://www.wikidata.org/entity/Q49
Port-au-Prince,987310,Haiti,http://www.wikidata.org/entity/Q49
Hermosillo,984342,Mexico,http://www.wikidata.org/entity/Q49
Dnipro,983836,Ukraine,http://www.wikidata.org/entity/Q46
Honolulu County,983429,United States of America,http://www.wikidata.org/entity/Q49
Honolulu County,983429,United States of America,http://www.wikidata.org/entity/Q538
Chiba,980203,Japan,http://www.wikidata.org/entity/Q48
Jiuquan,977600,People's Republic of China,http://www.wikidata.org/entity/Q48
Kathmandu,975453,Nepal,http://www.wikidata.org/entity/Q48
Kirkuk,975000,Iraq,http://www.wikidata.org/entity/Q48
Naples,972212,Italy,http://www.wikidata.org/entity/Q46
Yongin,971327,South Korea,http://www.wikidata.org/entity/Q48
Zhoushan,969145,People's Republic of China,http://www.wikidata.org/entity/Q48
Bishkek,965900,Kyrgyzstan,http://www.wikidata.org/entity/Q48
Denizli,963464,Turkey,http://www.wikidata.org/entity/Q46
Denizli,963464,Turkey,http://www.wikidata.org/entity/Q48
Coimbatore,959823,India,http://www.wikidata.org/entity/Q48
Guwahati,957352,India,http://www.wikidata.org/entity/Q48
Dispur,957352,India,http://www.wikidata.org/entity/Q48
Solapur,951558,India,http://www.wikidata.org/entity/Q48
Freetown,951000,Sierra Leone,http://www.wikidata.org/entity/Q15
Seongnam,948757,South Korea,http://www.wikidata.org/entity/Q48
Tangier,947952,Morocco,http://www.wikidata.org/entity/Q15
Kitakyūshū,940141,Japan,http://www.wikidata.org/entity/Q48
Khartoum North,936349,Sudan,http://www.wikidata.org/entity/Q15
Kisangani,935977,Democratic Republic of the Congo,http://www.wikidata.org/entity/Q15
Aguascalientes City,934424,Mexico,http://www.wikidata.org/entity/Q49
Ottawa,934243,Canada,http://www.wikidata.org/entity/Q49
Edmonton,932546,Canada,http://www.wikidata.org/entity/Q49
Danzhou,932356,People's Republic of China,http://www.wikidata.org/entity/Q48
Qitaihe,930000,People's Republic of China,http://www.wikidata.org/entity/Q48
Marrakesh,928850,Morocco,http://www.wikidata.org/entity/Q15
Cebu City,922611,Philippines,http://www.wikidata.org/entity/Q48
Sialkot,920000,Pakistan,http://www.wikidata.org/entity/Q48
Trujillo,919899,Peru,http://www.wikidata.org/entity/Q18
Jerusalem,919438,Israel,http://www.wikidata.org/entity/Q48
Trichy,916857,India,http://www.wikidata.org/entity/Q48
Padang,914970,Indonesia,http://www.wikidata.org/entity/Q48
Naucalpan de Juárez,913681,Mexico,http://www.wikidata.org/entity/Q49
Austin,912791,United States of America,http://www.wikidata.org/entity/Q49
Austin,912791,United States of America,http://www.wikidata.org/entity/Q538
Dammam,903000,Saudi Arabia,http://www.wikidata.org/entity/Q48
Lhasa,902500,People's Republic of China,http://www.wikidata.org/entity/Q48
Homs,900492,Syria,http://www.wikidata.org/entity/Q48
Djelfa,897920,Algeria,http://www.wikidata.org/entity/Q15
Merida,892363,Mexico,http://www.wikidata.org/entity/Q49
Abeokuta,888924,Nigeria,http://www.wikidata.org/entity/Q15
Muradabad,887871,India,http://www.wikidata.org/entity/Q48
Mysore,887446,India,http://www.wikidata.org/entity/Q48
Duque de Caxias,886917,Brazil,http://www.wikidata.org/entity/Q18
Duval County,885855,United States of America,http://www.wikidata.org/entity/Q49
Duval County,885855,United States of America,http://www.wikidata.org/entity/Q538
Turin,882523,Italy,http://www.wikidata.org/entity/Q46
Krasnodar,881476,Russia,http://www.wikidata.org/entity/Q46
Krasnodar,881476,Russia,http://www.wikidata.org/entity/Q48
Panama City,880691,Panama,http://www.wikidata.org/entity/Q18
Panama City,880691,Panama,http://www.wikidata.org/entity/Q49
Jacksonville,880619,United States of America,http://www.wikidata.org/entity/Q49
Jacksonville,880619,United States of America,http://www.wikidata.org/entity/Q538
Chihuahua,878062,Mexico,http://www.wikidata.org/entity/Q49
Klang,878000,Malaysia,http://www.wikidata.org/entity/Q48
Natal,877662,Brazil,http://www.wikidata.org/entity/Q18
Gurgaon,876824,India,http://www.wikidata.org/entity/Q48
Campo Grande,874210,Brazil,http://www.wikidata.org/entity/Q18
Barinas,873962,Venezuela,http://www.wikidata.org/entity/Q18
Jos,873943,Nigeria,http://www.wikidata.org/entity/Q15
Jalandhar,873725,India,http://www.wikidata.org/entity/Q48
Eskişehir,871187,Turkey,http://www.wikidata.org/entity/Q46
Eskişehir,871187,Turkey,http://www.wikidata.org/entity/Q48
Bucheon,867678,South Korea,http://www.wikidata.org/entity/Q48
Ipoh,866772,Malaysia,http://www.wikidata.org/entity/Q48
Indianapolis,863002,United States of America,http://www.wikidata.org/entity/Q49
Indianapolis,863002,United States of America,http://www.wikidata.org/entity/Q538
Zamboanga City,861799,Philippines,http://www.wikidata.org/entity/Q48
Amsterdam,860124,Netherlands,http://www.wikidata.org/entity/Q46
Amsterdam,860124,Netherlands,http://www.wikidata.org/entity/Q27611
Mar del Plata,860000,Argentina,http://www.wikidata.org/entity/Q18
Marseille,855393,France,http://www.wikidata.org/entity/Q46
Pekanbaru,855221,Indonesia,http://www.wikidata.org/entity/Q48
Erbil,852500,Iraq,http://www.wikidata.org/entity/Q48
Oran,852000,Algeria,http://www.wikidata.org/entity/Q15
Kermanshah,851405,Iran,http://www.wikidata.org/entity/Q48
Salé,850403,Morocco,http://www.wikidata.org/entity/Q15
Ilorin,847582,Nigeria,http://www.wikidata.org/entity/Q15
Teresina,847430,Brazil,http://www.wikidata.org/entity/Q18
Saratov,845300,Russia,http://www.wikidata.org/entity/Q46
Saratov,845300,Russia,http://www.wikidata.org/entity/Q48
El Alto,842378,Bolivia,http://www.wikidata.org/entity/Q18
Bhubaneswar,837737,India,http://www.wikidata.org/entity/Q48
Lomé,837437,Togo,http://www.wikidata.org/entity/Q15
Tongchuan,835600,People's Republic of China,http://www.wikidata.org/entity/Q48
Denpasar,834881,Indonesia,http://www.wikidata.org/entity/Q48
Cheongju,833276,South Korea,http://www.wikidata.org/entity/Q48
Pointe-Noire,829134,Republic of the Congo,http://www.wikidata.org/entity/Q15
Fangchenggang,829000,People's Republic of China,http://www.wikidata.org/entity/Q48
Sakai,827971,Japan,http://www.wikidata.org/entity/Q48
São Bernardo do Campo,816925,Brazil,http://www.wikidata.org/entity/Q18
Mira-Bhayandar,814655,India,http://www.wikidata.org/entity/Q48
Fort Worth,812238,United States of America,http://www.wikidata.org/entity/Q49
Fort Worth,812238,United States of America,http://www.wikidata.org/entity/Q538
Trabzon,807903,Turkey,http://www.wikidata.org/entity/Q46
Trabzon,807903,Turkey,http://www.wikidata.org/entity/Q48
San Francisco,805235,United States of America,http://www.wikidata.org/entity/Q49
San Francisco,805235,United States of America,http://www.wikidata.org/entity/Q538
Taguig,804915,Philippines,http://www.wikidata.org/entity/Q48
João Pessoa,801718,Brazil,http://www.wikidata.org/entity/Q18
Libreville,797003,Gabon,http://www.wikidata.org/entity/Q15
Niigata,796500,Japan,http://www.wikidata.org/entity/Q48
Valencia,794288,Spain,http://www.wikidata.org/entity/Q46
Hamamatsu,791770,Japan,http://www.wikidata.org/entity/Q48
Zagreb,790017,Croatia,http://www.wikidata.org/entity/Q46
Huaral,790011,Peru,http://www.wikidata.org/entity/Q18
Columbus,787033,United States of America,http://www.wikidata.org/entity/Q49
Columbus,787033,United States of America,http://www.wikidata.org/entity/Q538
Lilongwe,781538,Malawi,http://www.wikidata.org/entity/Q15
Dushanbe,780000,Tajikistan,http://www.wikidata.org/entity/Q48
Hillah,780000,Iraq,http://www.wikidata.org/entity/Q48
Malang,780000,Indonesia,http://www.wikidata.org/entity/Q48
Antipolo,776386,Philippines,http://www.wikidata.org/entity/Q48
San Luis Potosí,772828,Mexico,http://www.wikidata.org/entity/Q49
Erzurum,767848,Turkey,http://www.wikidata.org/entity/Q46
Erzurum,767848,Turkey,http://www.wikidata.org/entity/Q48
Kraków,766739,Poland,http://www.wikidata.org/entity/Q46
Kaduna,760084,Nigeria,http://www.wikidata.org/entity/Q15
Louisville,760026,United States of America,http://www.wikidata.org/entity/Q49
Louisville,760026,United States of America,http://www.wikidata.org/entity/Q538
Vientiane,760000,Laos,http://www.wikidata.org/entity/Q48
La Paz,757184,Bolivia,http://www.wikidata.org/entity/Q18
Pasig,755300,Philippines,http://www.wikidata.org/entity/Q48
Samarinda,753370,Indonesia,http://www.wikidata.org/entity/Q48
Colombo,752993,Sri Lanka,http://www.wikidata.org/entity/Q48
Ciudad Guayana,751331,Venezuela,http://www.wikidata.org/entity/Q18
Cúcuta,750000,Colombia,http://www.wikidata.org/entity/Q18
Toluca,747512,Mexico,http://www.wikidata.org/entity/Q49
Frankfurt,746878,Germany,http://www.wikidata.org/entity/Q46
Seattle,744955,United States of America,http://www.wikidata.org/entity/Q49
Seattle,744955,United States of America,http://www.wikidata.org/entity/Q538
Tyumen,744554,Russia,http://www.wikidata.org/entity/Q46
Tyumen,744554,Russia,http://www.wikidata.org/entity/Q48
San Cristóbal,743924,Venezuela,http://www.wikidata.org/entity/Q18
Thiruvananthapuram,743691,India,http://www.wikidata.org/entity/Q48
Zaporizhzhia,741717,Ukraine,http://www.wikidata.org/entity/Q46
Pretoria,741651,South Africa,http://www.wikidata.org/entity/Q15
Kumamoto,739393,Japan,http://www.wikidata.org/entity/Q48
Bangui,734350,Central African Republic,http://www.wikidata.org/entity/Q15
Charlotte,731424,United States of America,http://www.wikidata.org/entity/Q49
Charlotte,731424,United States of America,http://www.wikidata.org/entity/Q538
Shizuishan,730400,People's Republic of China,http://www.wikidata.org/entity/Q48
Lviv,727968,Ukraine,http://www.wikidata.org/entity/Q46
Najaf,724700,Iraq,http://www.wikidata.org/entity/Q48
Sagamihara,722828,Japan,http://www.wikidata.org/entity/Q48
Mississauga,721599,Canada,http://www.wikidata.org/entity/Q49
Okayama,720865,Japan,http://www.wikidata.org/entity/Q48
Tongling,720000,People's Republic of China,http://www.wikidata.org/entity/Q48
Torreón,716672,Mexico,http://www.wikidata.org/entity/Q49
Enugu,715774,Nigeria,http://www.wikidata.org/entity/Q15
Santo André,710210,Brazil,http://www.wikidata.org/entity/Q18
Subang Jaya,708296,Malaysia,http://www.wikidata.org/entity/Q48
George Town,708127,Malaysia,http://www.wikidata.org/entity/Q48
Saharanpur,705478,India,http://www.wikidata.org/entity/Q48
Winnipeg,705244,Canada,http://www.wikidata.org/entity/Q49
Warangal,704570,India,http://www.wikidata.org/entity/Q48
Latakia,700000,Syria,http://www.wikidata.org/entity/Q48
Riga,698529,Latvia,http://www.wikidata.org/entity/Q46
Osasco,694844,Brazil,http://www.wikidata.org/entity/Q18
San Miguel de Tucumán,694327,Argentina,http://www.wikidata.org/entity/Q18
Salem,693236,India,http://www.wikidata.org/entity/Q48
Banjarmasin,692793,Indonesia,http://www.wikidata.org/entity/Q48
Guadalupe,691931,Mexico,http://www.wikidata.org/entity/Q49
Shizuoka,691185,Japan,http://www.wikidata.org/entity/Q48
Łódź,690422,Poland,http://www.wikidata.org/entity/Q46
Karbala,690100,Iraq,http://www.wikidata.org/entity/Q48
São José dos Campos,688597,Brazil,http://www.wikidata.org/entity/Q18
Seville,688592,Spain,http://www.wikidata.org/entity/Q46
Chișinău,685900,Moldova,http://www.wikidata.org/entity/Q46
Villahermosa,684847,Mexico,http://www.wikidata.org/entity/Q49
Denver,682545,United States of America,http://www.wikidata.org/entity/Q49
Denver,682545,United States of America,http://www.wikidata.org/entity/Q538
Bahawalpur,681696,Pakistan,http://www.wikidata.org/entity/Q48
Oslo,681071,Norway,http://www.wikidata.org/entity/Q46
Detroit,680250,United States of America,http://www.wikidata.org/entity/Q49
Detroit,680250,United States of America,http://www.wikidata.org/entity/Q538
Shigatse,679771,People's Republic of China,http://www.wikidata.org/entity/Q48
Anyang,679184,People's Republic of China,http://www.wikidata.org/entity/Q48
Tasikmalaya,678027,Indonesia,http://www.wikidata.org/entity/Q48
Kochi,677381,India,http://www.wikidata.org/entity/Q48
Cagayan de Oro,675950,Philippines,http://www.wikidata.org/entity/Q48
Zaragoza,674997,Spain,http://www.wikidata.org/entity/Q46
Palermo,674435,Italy,http://www.wikidata.org/entity/Q46
Acapulco,673479,Mexico,http://www.wikidata.org/entity/Q49
WashingtonDC,672228,United States of America,http://www.wikidata.org/entity/Q49
WashingtonDC,672228,United States of America,http://www.wikidata.org/entity/Q538
Nashville,668347,United States of America,http://www.wikidata.org/entity/Q49
Nashville,668347,United States of America,http://www.wikidata.org/entity/Q538
Chongjin,667929,North Korea,http://www.wikidata.org/entity/Q48
Urmia,667499,Iran,http://www.wikidata.org/entity/Q48
Ribeirão Preto,666323,Brazil,http://www.wikidata.org/entity/Q18
Parañaque,665822,Philippines,http://www.wikidata.org/entity/Q48
Huambo,665564,Angola,http://www.wikidata.org/entity/Q15
Tlaquepaque,664193,Mexico,http://www.wikidata.org/entity/Q49
Athens,664046,Greece,http://www.wikidata.org/entity/Q46
Catia La Mar,661897,Venezuela,http://www.wikidata.org/entity/Q18
Bouaké,659233,Ivory Coast,http://www.wikidata.org/entity/Q15
Dasmariñas,659019,Philippines,http://www.wikidata.org/entity/Q48
Bujumbura,658859,Burundi,http://www.wikidata.org/entity/Q15
Slemani,656100,Iraq,http://www.wikidata.org/entity/Q48
Hwaseong,655350,South Korea,http://www.wikidata.org/entity/Q48
Durango,654876,Mexico,http://www.wikidata.org/entity/Q49
Bulawayo,653337,Zimbabwe,http://www.wikidata.org/entity/Q15
Jeonju,653055,South Korea,http://www.wikidata.org/entity/Q48
Ansan,652800,South Korea,http://www.wikidata.org/entity/Q48
Cheonan,651661,South Korea,http://www.wikidata.org/entity/Q48
El Paso,649121,United States of America,http://www.wikidata.org/entity/Q49
El Paso,649121,United States of America,http://www.wikidata.org/entity/Q538
Asmara,649000,Eritrea,http://www.wikidata.org/entity/Q15
Las Vegas,648224,United States of America,http://www.wikidata.org/entity/Q49
Las Vegas,648224,United States of America,http://www.wikidata.org/entity/Q538
Guntur,647508,India,http://www.wikidata.org/entity/Q48
Memphis,646889,United States of America,http://www.wikidata.org/entity/Q49
Memphis,646889,United States of America,http://www.wikidata.org/entity/Q538
Izhevsk,646277,Russia,http://www.wikidata.org/entity/Q46
Izhevsk,646277,Russia,http://www.wikidata.org/entity/Q48
Muscat,646027,Oman,http://www.wikidata.org/entity/Q48
Sorocaba,644919,Brazil,http://www.wikidata.org/entity/Q18
Noida,642381,India,http://www.wikidata.org/entity/Q48
Helsinki,642045,Finland,http://www.wikidata.org/entity/Q46
Rasht,639951,Iran,http://www.wikidata.org/entity/Q48
Funabashi,639107,Japan,http://www.wikidata.org/entity/Q48
Wrocław,638586,Poland,http://www.wikidata.org/entity/Q46
Petaling Jaya,638516,Malaysia,http://www.wikidata.org/entity/Q48
Gold Coast,638090,Australia,http://www.wikidata.org/entity/Q538
Kuwait city,637411,Kuwait,http://www.wikidata.org/entity/Q48
Barnaul,633301,Russia,http://www.wikidata.org/entity/Q46
Barnaul,633301,Russia,http://www.wikidata.org/entity/Q48
Aracaju,632744,Brazil,http://www.wikidata.org/entity/Q18
Stuttgart,632743,Germany,http://www.wikidata.org/entity/Q46
Cochabamba,632013,Bolivia,http://www.wikidata.org/entity/Q18
Benghazi,631555,Libya,http://www.wikidata.org/entity/Q15
Vancouver,631486,Canada,http://www.wikidata.org/entity/Q49
Rotterdam,631155,Netherlands,http://www.wikidata.org/entity/Q46
Rotterdam,631155,Netherlands,http://www.wikidata.org/entity/Q27611
Al Ain,631005,United Arab Emirates,http://www.wikidata.org/entity/Q48
Kryvyi Rih,629695,Ukraine,http://www.wikidata.org/entity/Q46
Namyangju,629061,South Korea,http://www.wikidata.org/entity/Q48
Cancún,628306,Mexico,http://www.wikidata.org/entity/Q49
Glasgow,626410,United Kingdom,http://www.wikidata.org/entity/Q46
Bhilai,625700,India,http://www.wikidata.org/entity/Q48
Ulyanovsk,624518,Russia,http://www.wikidata.org/entity/Q46
Ulyanovsk,624518,Russia,http://www.wikidata.org/entity/Q48
Mangalore,623841,India,http://www.wikidata.org/entity/Q48
Turpan,622903,People's Republic of China,http://www.wikidata.org/entity/Q48
Baltimore,622104,United States of America,http://www.wikidata.org/entity/Q49
Baltimore,622104,United States of America,http://www.wikidata.org/entity/Q538
Valenzuela,620422,Philippines,http://www.wikidata.org/entity/Q48
Helwan,619293,Egypt,http://www.wikidata.org/entity/Q15
Helwan,619293,Egypt,http://www.wikidata.org/entity/Q48
Pontianak,618388,Indonesia,http://www.wikidata.org/entity/Q48
Boston,617594,United States of America,http://www.wikidata.org/entity/Q49
Boston,617594,United States of America,http://www.wikidata.org/entity/Q538
Düsseldorf,617280,Germany,http://www.wikidata.org/entity/Q46
Khabarovsk,616242,Russia,http://www.wikidata.org/entity/Q46
Khabarovsk,616242,Russia,http://www.wikidata.org/entity/Q48
Hamhung,614198,North Korea,http://www.wikidata.org/entity/Q48
Buraidah,614093,Saudi Arabia,http://www.wikidata.org/entity/Q48
Serang,613356,Indonesia,http://www.wikidata.org/entity/Q48
Yaroslavl,608079,Russia,http://www.wikidata.org/entity/Q46
Yaroslavl,608079,Russia,http://www.wikidata.org/entity/Q48
Kuantan,607778,Malaysia,http://www.wikidata.org/entity/Q48
Cuttack,606007,India,http://www.wikidata.org/entity/Q48
Uberlândia,604013,Brazil,http://www.wikidata.org/entity/Q18
Sargodha,602631,Pakistan,http://www.wikidata.org/entity/Q48
Copenhagen,602481,Denmark,http://www.wikidata.org/entity/Q46
Jambi,602187,Indonesia,http://www.wikidata.org/entity/Q48
Bacoor,600609,Philippines,http://www.wikidata.org/entity/Q48
Milwaukee,600155,United States of America,http://www.wikidata.org/entity/Q49
Milwaukee,600155,United States of America,http://www.wikidata.org/entity/Q538
Chamdo,598862,People's Republic of China,http://www.wikidata.org/entity/Q48
Tuxtla Gutiérrez,598710,Mexico,http://www.wikidata.org/entity/Q49
Balikpapan,598043,Indonesia,http://www.wikidata.org/entity/Q48
Ta'izz,596672,Yemen,http://www.wikidata.org/entity/Q48
Kagoshima,595319,Japan,http://www.wikidata.org/entity/Q48
Durban,595061,South Africa,http://www.wikidata.org/entity/Q15
General Santos,594446,Philippines,http://www.wikidata.org/entity/Q48
Brampton,593638,Canada,http://www.wikidata.org/entity/Q49
Makhachkala,592976,Russia,http://www.wikidata.org/entity/Q46
Makhachkala,592976,Russia,http://www.wikidata.org/entity/Q48
Kawaguchi,592373,Japan,http://www.wikidata.org/entity/Q48
Gothenburg,592042,Sweden,http://www.wikidata.org/entity/Q46
Oklahoma City,591967,United States of America,http://www.wikidata.org/entity/Q49
Oklahoma City,591967,United States of America,http://www.wikidata.org/entity/Q538
Essen,590194,Germany,http://www.wikidata.org/entity/Q46
Reynosa,589466,Mexico,http://www.wikidata.org/entity/Q49
Las Piñas,588894,Philippines,http://www.wikidata.org/entity/Q48
Cimahi,586580,Indonesia,http://www.wikidata.org/entity/Q48
Dortmund,585813,Germany,http://www.wikidata.org/entity/Q46
Cuiabá,585367,Brazil,http://www.wikidata.org/entity/Q18
Shah Alam,584340,Malaysia,http://www.wikidata.org/entity/Q48
Portland,583776,United States of America,http://www.wikidata.org/entity/Q49
Portland,583776,United States of America,http://www.wikidata.org/entity/Q538
Makati,582602,Philippines,http://www.wikidata.org/entity/Q48
Leipzig,582285,Germany,http://www.wikidata.org/entity/Q46
Genoa,580097,Italy,http://www.wikidata.org/entity/Q46
Kingston,580000,Jamaica,http://www.wikidata.org/entity/Q49
Dehradun,578420,India,http://www.wikidata.org/entity/Q48
Hachiōji,577560,Japan,http://www.wikidata.org/entity/Q48
